{
  "model_name": "best_model_TabM-Small-MLP-Ensemble_20251004_065229",
  "model_path": "/home/shiyuanduan/Documents/Projects/GPTLAB/IMUFigureSets/trained_models/best_model_TabM-Small-MLP-Ensemble_20251004_065229.pth",
  "is_quantized": false,
  "model_size": {
    "total_parameters": 233754,
    "size_kb": 10.83984375
  },
  "accuracy": 0.9902912621359223,
  "confusion_matrix": {
    "confusion_matrix": [
      [
        344,
        0,
        0,
        0,
        0,
        0
      ],
      [
        1,
        308,
        0,
        0,
        0,
        0
      ],
      [
        0,
        0,
        281,
        0,
        0,
        0
      ],
      [
        0,
        0,
        0,
        346,
        10,
        0
      ],
      [
        0,
        0,
        0,
        9,
        372,
        0
      ],
      [
        0,
        0,
        0,
        0,
        0,
        389
      ]
    ],
    "confusion_matrix_percent": [
      [
        100.0,
        0.0,
        0.0,
        0.0,
        0.0,
        0.0
      ],
      [
        0.3236245954692557,
        99.67637540453075,
        0.0,
        0.0,
        0.0,
        0.0
      ],
      [
        0.0,
        0.0,
        100.0,
        0.0,
        0.0,
        0.0
      ],
      [
        0.0,
        0.0,
        0.0,
        97.19101123595506,
        2.8089887640449436,
        0.0
      ],
      [
        0.0,
        0.0,
        0.0,
        2.3622047244094486,
        97.63779527559055,
        0.0
      ],
      [
        0.0,
        0.0,
        0.0,
        0.0,
        0.0,
        100.0
      ]
    ],
    "per_class_accuracy": [
      1.0,
      0.9967637540453075,
      1.0,
      0.9719101123595506,
      0.9763779527559056,
      1.0
    ]
  },
  "inference_latency": {
    "mean_ms": 0.21690736146410927,
    "std_ms": 0.0027347477637898816,
    "min_ms": 0.21295101032592356,
    "max_ms": 0.22558501223102212,
    "median_ms": 0.2168329810956493,
    "p95_ms": 0.22137651103548706,
    "p99_ms": 0.2227387405582704
  }
}