{
  "model_name": "best_model_Two\u2011Lead CAT\u2011Net (1D CNN + SE Channel Attention + Transformer Encoder)_20251002_233329",
  "model_path": "trained_models/best_model_Two\u2011Lead CAT\u2011Net (1D CNN + SE Channel Attention + Transformer Encoder)_20251002_233329.pth",
  "is_quantized": false,
  "model_size": {
    "total_parameters": 8647,
    "size_kb": 33.77734375
  },
  "accuracy": 0.9700906102157004,
  "confusion_matrix": {
    "confusion_matrix": [
      [
        8809,
        17,
        15,
        55,
        84
      ],
      [
        5,
        1866,
        20,
        11,
        8
      ],
      [
        25,
        12,
        200,
        0,
        3
      ],
      [
        44,
        12,
        0,
        184,
        8
      ],
      [
        34,
        12,
        1,
        7,
        1039
      ]
    ],
    "confusion_matrix_percent": [
      [
        98.09576837416482,
        0.18930957683741648,
        0.16703786191536749,
        0.6124721603563474,
        0.9354120267260578
      ],
      [
        0.2617801047120419,
        97.69633507853403,
        1.0471204188481675,
        0.5759162303664921,
        0.41884816753926707
      ],
      [
        10.416666666666668,
        5.0,
        83.33333333333334,
        0.0,
        1.25
      ],
      [
        17.741935483870968,
        4.838709677419355,
        0.0,
        74.19354838709677,
        3.225806451612903
      ],
      [
        3.110704483074108,
        1.0978956999085088,
        0.09149130832570906,
        0.6404391582799633,
        95.0594693504117
      ]
    ],
    "per_class_accuracy": [
      0.9809576837416482,
      0.9769633507853404,
      0.8333333333333334,
      0.7419354838709677,
      0.9505946935041171
    ]
  },
  "inference_latency": {
    "mean_ms": 7.53966090051108,
    "std_ms": 0.46882554122951886,
    "min_ms": 7.121005997760221,
    "max_ms": 9.964783006580546,
    "median_ms": 7.4539810011629015,
    "p95_ms": 7.980196542484916,
    "p99_ms": 9.946734313416528
  }
}