{
  "model_name": "best_model_CATNet1D-TransTiny_20251003_043955",
  "model_path": "/home/shiyuanduan/Documents/Projects/GPTLAB/IMUFigureSets/trained_models/best_model_CATNet1D-TransTiny_20251003_043955.pth",
  "is_quantized": false,
  "model_size": {
    "total_parameters": 101329,
    "size_kb": 198.001953125
  },
  "accuracy": 0.9755432603640446,
  "confusion_matrix": {
    "confusion_matrix": [
      [
        8907,
        20,
        1,
        26,
        26
      ],
      [
        12,
        1879,
        14,
        3,
        2
      ],
      [
        30,
        20,
        185,
        0,
        5
      ],
      [
        64,
        12,
        0,
        164,
        8
      ],
      [
        50,
        10,
        0,
        2,
        1031
      ]
    ],
    "confusion_matrix_percent": [
      [
        99.18708240534521,
        0.22271714922048996,
        0.011135857461024499,
        0.289532293986637,
        0.289532293986637
      ],
      [
        0.6282722513089005,
        98.37696335078535,
        0.7329842931937173,
        0.15706806282722513,
        0.10471204188481677
      ],
      [
        12.5,
        8.333333333333332,
        77.08333333333334,
        0.0,
        2.083333333333333
      ],
      [
        25.806451612903224,
        4.838709677419355,
        0.0,
        66.12903225806451,
        3.225806451612903
      ],
      [
        4.574565416285453,
        0.9149130832570906,
        0.0,
        0.18298261665141813,
        94.32753888380604
      ]
    ],
    "per_class_accuracy": [
      0.9918708240534521,
      0.9837696335078534,
      0.7708333333333334,
      0.6612903225806451,
      0.9432753888380604
    ]
  },
  "inference_latency": {
    "mean_ms": 37.59434101957595,
    "std_ms": 0.9969730953880174,
    "min_ms": 36.59776500717271,
    "max_ms": 43.27644799195696,
    "median_ms": 37.308888997358736,
    "p95_ms": 39.0193391511275,
    "p99_ms": 41.93455250264379
  }
}