{
  "model_name": "best_model_CNNTransformerLite1D_20251003_002850",
  "model_path": "/home/shiyuanduan/Documents/Projects/GPTLAB/IMUFigureSets/trained_models/best_model_CNNTransformerLite1D_20251003_002850.pth",
  "is_quantized": false,
  "model_size": {
    "total_parameters": 10697,
    "size_kb": 42.46484375
  },
  "accuracy": 0.8669713735867212,
  "confusion_matrix": {
    "confusion_matrix": [
      [
        8470,
        262,
        1,
        173,
        74
      ],
      [
        372,
        1468,
        0,
        55,
        15
      ],
      [
        227,
        12,
        0,
        1,
        0
      ],
      [
        141,
        10,
        0,
        89,
        8
      ],
      [
        236,
        8,
        0,
        64,
        785
      ]
    ],
    "confusion_matrix_percent": [
      [
        94.3207126948775,
        2.917594654788419,
        0.011135857461024499,
        1.9265033407572383,
        0.8240534521158129
      ],
      [
        19.476439790575917,
        76.8586387434555,
        0.0,
        2.8795811518324608,
        0.7853403141361256
      ],
      [
        94.58333333333333,
        5.0,
        0.0,
        0.4166666666666667,
        0.0
      ],
      [
        56.85483870967742,
        4.032258064516129,
        0.0,
        35.88709677419355,
        3.225806451612903
      ],
      [
        21.59194876486734,
        0.7319304666056725,
        0.0,
        5.85544373284538,
        71.82067703568161
      ]
    ],
    "per_class_accuracy": [
      0.9432071269487751,
      0.768586387434555,
      0.0,
      0.3588709677419355,
      0.7182067703568161
    ]
  },
  "inference_latency": {
    "mean_ms": 3.5499501501908526,
    "std_ms": 0.1865657594099536,
    "min_ms": 3.321948999655433,
    "max_ms": 4.308948002289981,
    "median_ms": 3.497302001051139,
    "p95_ms": 3.918032838555518,
    "p99_ms": 4.212406175356592
  }
}