{
  "trials": [
    1,
    2,
    3,
    4,
    5,
    6,
    7,
    8,
    9,
    10,
    11,
    12,
    13,
    14,
    15,
    16,
    17,
    18,
    19,
    20,
    21,
    22,
    23,
    24,
    25,
    26,
    27,
    28,
    29,
    30,
    31,
    32,
    33,
    34,
    35,
    36,
    37,
    38,
    39,
    40,
    41,
    42,
    43,
    44,
    45,
    46,
    47,
    48,
    49,
    50
  ],
  "accuracies": [
    0.7422121106055303,
    0.24833741687084354,
    0.6876093804690234,
    0.6344942247112355,
    0.5306265313265663,
    0.6209310465523277,
    0.7237486874343717,
    0.5859292964648233,
    0.7200735036751837,
    0.6909345467273363,
    0.6837591879593979,
    0.7623381169058453,
    0.5652782639131957,
    0.7247112355617781,
    0.2324991249562478,
    0.7213860693034652,
    0.7457122856142807,
    0.7455372768638432,
    0.7273363668183409,
    0.7087854392719636,
    0.2324991249562478,
    0.7282114105705285,
    0.7535001750087504,
    0.7425621281064053,
    0.7426496324816241,
    0.2324991249562478,
    0.6932096604830241,
    0.2324991249562478,
    0.7564753237661883,
    0.7303990199509975,
    0.7429996499824991,
    0.7032726636331816,
    0.7553377668883444,
    0.2324991249562478,
    0.7551627581379069,
    0.7591004550227511,
    0.7618130906545327,
    0.7680259012950648,
    0.7436996849842492,
    0.2324991249562478,
    0.2324991249562478,
    0.7169233461673084,
    0.7588379418970949,
    0.7454497724886244,
    0.7609380469023451,
    0.756212810640532,
    0.2324991249562478,
    0.7569128456422821,
    0.7615505775288764,
    0.7619005950297515
  ],
  "best_so_far": [
    0.7422121106055303,
    0.7422121106055303,
    0.7422121106055303,
    0.7422121106055303,
    0.7422121106055303,
    0.7422121106055303,
    0.7422121106055303,
    0.7422121106055303,
    0.7422121106055303,
    0.7422121106055303,
    0.7422121106055303,
    0.7623381169058453,
    0.7623381169058453,
    0.7623381169058453,
    0.7623381169058453,
    0.7623381169058453,
    0.7623381169058453,
    0.7623381169058453,
    0.7623381169058453,
    0.7623381169058453,
    0.7623381169058453,
    0.7623381169058453,
    0.7623381169058453,
    0.7623381169058453,
    0.7623381169058453,
    0.7623381169058453,
    0.7623381169058453,
    0.7623381169058453,
    0.7623381169058453,
    0.7623381169058453,
    0.7623381169058453,
    0.7623381169058453,
    0.7623381169058453,
    0.7623381169058453,
    0.7623381169058453,
    0.7623381169058453,
    0.7623381169058453,
    0.7680259012950648,
    0.7680259012950648,
    0.7680259012950648,
    0.7680259012950648,
    0.7680259012950648,
    0.7680259012950648,
    0.7680259012950648,
    0.7680259012950648,
    0.7680259012950648,
    0.7680259012950648,
    0.7680259012950648,
    0.7680259012950648,
    0.7680259012950648
  ],
  "hyperparameters": {
    "learning_rates": [
      0.001412035543062636,
      1.0448928221744368e-05,
      0.0015199881220083972,
      0.002600831268726489,
      2.5325844384112793e-05,
      0.0001642819730959757,
      0.0006893657258234715,
      0.0008872763269719729,
      0.002095328321213076,
      0.0014847531925607554,
      0.0017067665214236434,
      0.002882124680860368,
      0.000189960475762057,
      0.0026709557267038,
      0.0038754538224044627,
      0.001279823985017862,
      0.003769188749475096,
      0.0024636587098568427,
      0.0035437210011721584,
      0.0031590507371503334,
      0.004511647764605639,
      0.0016646172864285482,
      0.004619337249688971,
      0.002613870873064416,
      0.004159617793131237,
      0.00459070330685566,
      0.004520650382453096,
      0.004826224025421514,
      0.004304318494211325,
      0.004397297232479008,
      0.00453087281043834,
      0.004572691806905605,
      0.003595408067961084,
      0.004218439443446737,
      0.004059256163827505,
      0.0028695212619881216,
      0.004768491477271673,
      0.003909924237406688,
      0.002777939452942935,
      0.004329593077279012,
      0.004776273729444448,
      0.004289471111230987,
      0.004998990518282603,
      0.003232909661827045,
      0.0039044050208702054,
      0.004154534820803335,
      0.004517665937421365,
      0.0047652735664032815,
      0.004834717551434,
      0.004262079822912969
    ],
    "epochs": [
      