{
  "trials": [
    1,
    2,
    3,
    4,
    5,
    6,
    7,
    8,
    9,
    10,
    11,
    12,
    13,
    14,
    15,
    16,
    17,
    18,
    19,
    20,
    21,
    22,
    23,
    24,
    25,
    26,
    27,
    28,
    29,
    30,
    31,
    32,
    33,
    34,
    35,
    36,
    37,
    38,
    39,
    40,
    41,
    42,
    43,
    44,
    45,
    46,
    47,
    48,
    49,
    50
  ],
  "accuracies": [
    0.749649982499125,
    -0.22680808986280615,
    0.7894644732236612,
    0.7191109555477774,
    0.7029226461323066,
    0.545500845102985,
    0.793927196359818,
    0.7134231711585579,
    0.7228736436821841,
    0.6482699162233196,
    0.7351242562128106,
    0.7737136856842842,
    0.5143161572064808,
    0.7336366818340917,
    0.6430696534826741,
    0.4642982149107455,
    0.7336366818340917,
    0.2678915644009128,
    0.7520126006300315,
    -0.0038851942597130096,
    0.758400420021001,
    0.5603780189009451,
    0.7808890444522226,
    0.7853517675883794,
    0.753675183759188,
    0.3825365718778797,
    -0.016882393382669614,
    0.31472263596547734,
    0.5025652841708858,
    0.7603255162758138,
    0.1383833180535369,
    0.5125671314617366,
    0.7286489324466223,
    0.7734511725586279,
    0.6378659847527898,
    0.792089604480224,
    0.7015225761288064,
    0.7435246762338117,
    0.7703885194259713,
    0.7267238361918096,
    0.7864018200910046,
    0.7952397619880994,
    0.7511375568778439,
    0.5886990035460634,
    0.8035526776338817,
    0.7830766538326916,
    0.7496472738904889,
    0.6986349317465873,
    0.7703885194259713,
    0.5644032201610081
  ],
  "best_so_far": [
    0.749649982499125,
    0.749649982499125,
    0.7894644732236612,
    0.7894644732236612,
    0.7894644732236612,
    0.7894644732236612,
    0.793927196359818,
    0.793927196359818,
    0.793927196359818,
    0.793927196359818,
    0.793927196359818,
    0.793927196359818,
    0.793927196359818,
    0.793927196359818,
    0.793927196359818,
    0.793927196359818,
    0.793927196359818,
    0.793927196359818,
    0.793927196359818,
    0.793927196359818,
    0.793927196359818,
    0.793927196359818,
    0.793927196359818,
    0.793927196359818,
    0.793927196359818,
    0.793927196359818,
    0.793927196359818,
    0.793927196359818,
    0.793927196359818,
    0.793927196359818,
    0.793927196359818,
    0.793927196359818,
    0.793927196359818,
    0.793927196359818,
    0.793927196359818,
    0.793927196359818,
    0.793927196359818,
    0.793927196359818,
    0.793927196359818,
    0.793927196359818,
    0.793927196359818,
    0.7952397619880994,
    0.7952397619880994,
    0.7952397619880994,
    0.8035526776338817,
    0.8035526776338817,
    0.8035526776338817,
    0.8035526776338817,
    0.8035526776338817,
    0.8035526776338817
  ],
  "hyperparameters": {
    "learning_rates": [
      0.009609812947036413,
      8.260808399079598e-06,
      0.0010907475835157708,
      9.022004468565623e-05,
      0.00015610555179509047,
      0.000901604411334716,
      0.0005981896351920309,
      4.801015947905565e-05,
      0.013557254114185268,
      0.003054307379632007,
      0.00016002204230620398,
      4.6111103886440106e-05,
      2.0674350435890964e-05,
      5.201290249443388e-05,
      7.369793709761812e-06,
      6.302733026208444e-06,
      3.339925178021054e-05,
      5.3130202098356247e-05,
      0.0028332998662204995,
      9.709841338456428e-05,
      0.001969334085479426,
      0.02726207850660365,
      0.0014632375231825496,
      0.00036789517124077175,
      0.0003681114241260694,
      2.22999553276355e-06,
      0.009063530148893219,
      0.017437390359849335,
      0.00024889901291209074,
      0.0006191112684208738,
      0.03170584702419257,
      0.00034001125241967206,
      0.0005156929966807829,
      0.009429570956379954,
      0.00140043502204734,
      0.0008643411519974061,
      0.012666468048047785,
      0.014058974140761118,
      0.0009328280838946776,
      5.8859420198068066e-05,
      0.0017603597552497813,
      0.0008792080535367704,
      0.015561164236794812,
      0.06515455979659397,
      0.006905952458401957,
      0.0015653565124801392,
      0.0003610856832441494,
      8.839220748459567e-05,
      0.005341231339628704,
      0.014618599834497904
    ],
    "epochs": [
      