{
  "model_name": "best_model_MR-CNN + BiGRU (BiMamba-lite) for ISRUC_20251013_140335",
  "model_path": "/home/shiyuanduan/Documents/Projects/GPTLAB/IMUFigureSets/backup/dataset3/3-1/best_model_MR-CNN + BiGRU (BiMamba-lite) for ISRUC_20251013_140335.pth",
  "is_quantized": false,
  "model_size": {
    "total_parameters": 8233,
    "size_kb": 16.267578125
  },
  "accuracy": 0.8154225233801871,
  "confusion_matrix": {
    "confusion_matrix": [
      [
        3935,
        129,
        65,
        3,
        20
      ],
      [
        421,
        924,
        702,
        6,
        225
      ],
      [
        82,
        314,
        4785,
        332,
        88
      ],
      [
        8,
        1,
        511,
        2930,
        3
      ],
      [
        83,
        140,
        162,
        1,
        1987
      ]
    ],
    "confusion_matrix_percent": [
      [
        94.77360308285164,
        3.106936416184971,
        1.5655105973025047,
        0.0722543352601156,
        0.48169556840077066
      ],
      [
        18.4811237928007,
        40.56189640035118,
        30.816505706760317,
        0.2633889376646181,
        9.877085162423178
      ],
      [
        1.4640242813783253,
        5.606141760399928,
        85.43117300482056,
        5.927512944117122,
        1.5711480092840564
      ],
      [
        0.23168259484506226,
        0.028960324355632783,
        14.798725745728353,
        84.85375036200405,
        0.08688097306689835
      ],
      [
        3.497682258744206,
        5.899705014749262,
        6.826801517067003,
        0.04214075010535188,
        83.73367045933418
      ]
    ],
    "per_class_accuracy": [
      0.9477360308285164,
      0.40561896400351183,
      0.8543117300482057,
      0.8485375036200405,
      0.8373367045933418
    ]
  },
  "inference_latency": {
    "mean_ms": 58.860998934251256,
    "std_ms": 2.597164563418336,
    "min_ms": 56.21713103028014,
    "max_ms": 73.46902997232974,
    "median_ms": 58.26295749284327,
    "p95_ms": 61.73617935855872,
    "p99_ms": 70.55174848181197
  }
}