{
  "model_name": "best_model_Tiny1DTransformer-1D (Busia et al. 2024, adapted for (1000,2))_20251002_214036",
  "model_path": "trained_models/best_model_Tiny1DTransformer-1D (Busia et al. 2024, adapted for (1000,2))_20251002_214036.pth",
  "is_quantized": true,
  "model_size": {
    "total_parameters": 19020,
    "size_kb": 74.296875
  },
  "accuracy": 0.9748215860797049,
  "confusion_matrix": {
    "confusion_matrix": [
      [
        8863,
        25,
        6,
        69,
        17
      ],
      [
        2,
        1883,
        23,
        2,
        0
      ],
      [
        17,
        9,
        211,
        2,
        1
      ],
      [
        43,
        13,
        0,
        182,
        10
      ],
      [
        58,
        13,
        1,
        3,
        1018
      ]
    ],
    "confusion_matrix_percent": [
      [
        98.69710467706014,
        0.27839643652561247,
        0.06681514476614699,
        0.7683741648106904,
        0.18930957683741648
      ],
      [
        0.10471204188481677,
        98.58638743455498,
        1.2041884816753925,
        0.10471204188481677,
        0.0
      ],
      [
        7.083333333333333,
        3.75,
        87.91666666666667,
        0.8333333333333334,
        0.4166666666666667
      ],
      [
        17.338709677419356,
        5.241935483870968,
        0.0,
        73.38709677419355,
        4.032258064516129
      ],
      [
        5.3064958828911255,
        1.1893870082342177,
        0.09149130832570906,
        0.2744739249771272,
        93.13815187557182
      ]
    ],
    "per_class_accuracy": [
      0.9869710467706013,
      0.9858638743455498,
      0.8791666666666667,
      0.7338709677419355,
      0.9313815187557182
    ]
  },
  "inference_latency": {
    "mean_ms": 1.255676331347786,
    "std_ms": 0.05025036968251069,
    "min_ms": 1.2097610015189275,
    "max_ms": 1.4258690061978996,
    "median_ms": 1.2330034951446578,
    "p95_ms": 1.3736978566157632,
    "p99_ms": 1.4154452871298417
  }
}