{
  "model_name": "best_model_FT-MambaTiny-HAR_20251004_033859",
  "model_path": "/home/shiyuanduan/Documents/Projects/GPTLAB/IMUFigureSets/trained_models/best_model_FT-MambaTiny-HAR_20251004_033859.pth",
  "is_quantized": false,
  "model_size": {
    "total_parameters": 68388,
    "size_kb": 130.1640625
  },
  "accuracy": 0.9645631067961165,
  "confusion_matrix": {
    "confusion_matrix": [
      [
        315,
        11,
        18,
        0,
        0,
        0
      ],
      [
        0,
        305,
        4,
        0,
        0,
        0
      ],
      [
        0,
        0,
        281,
        0,
        0,
        0
      ],
      [
        0,
        0,
        0,
        350,
        6,
        0
      ],
      [
        0,
        0,
        0,
        34,
        347,
        0
      ],
      [
        0,
        0,
        0,
        0,
        0,
        389
      ]
    ],
    "confusion_matrix_percent": [
      [
        91.56976744186046,
        3.1976744186046515,
        5.232558139534884,
        0.0,
        0.0,
        0.0
      ],
      [
        0.0,
        98.70550161812298,
        1.2944983818770228,
        0.0,
        0.0,
        0.0
      ],
      [
        0.0,
        0.0,
        100.0,
        0.0,
        0.0,
        0.0
      ],
      [
        0.0,
        0.0,
        0.0,
        98.31460674157303,
        1.6853932584269662,
        0.0
      ],
      [
        0.0,
        0.0,
        0.0,
        8.923884514435695,
        91.0761154855643,
        0.0
      ],
      [
        0.0,
        0.0,
        0.0,
        0.0,
        0.0,
        100.0
      ]
    ],
    "per_class_accuracy": [
      0.9156976744186046,
      0.9870550161812298,
      1.0,
      0.9831460674157303,
      0.910761154855643,
      1.0
    ]
  },
  "inference_latency": {
    "mean_ms": 71.40813263918972,
    "std_ms": 1.1627547432336125,
    "min_ms": 68.90422198921442,
    "max_ms": 75.85916898096912,
    "median_ms": 71.22020149836317,
    "p95_ms": 73.72297585970955,
    "p99_ms": 74.71572197217029
  }
}