{
  "model_name": "best_model_TinyHAR-MLP-Quantized_20251004_125036",
  "model_path": "/home/shiyuanduan/Documents/Projects/GPTLAB/IMUFigureSets/trained_models/best_model_TinyHAR-MLP-Quantized_20251004_125036.pth",
  "is_quantized": false,
  "model_size": {
    "total_parameters": 47150,
    "size_kb": 4.40625
  },
  "accuracy": 0.9849514563106796,
  "confusion_matrix": {
    "confusion_matrix": [
      [
        344,
        0,
        0,
        0,
        0,
        0
      ],
      [
        2,
        307,
        0,
        0,
        0,
        0
      ],
      [
        1,
        0,
        280,
        0,
        0,
        0
      ],
      [
        0,
        0,
        0,
        347,
        9,
        0
      ],
      [
        0,
        1,
        0,
        18,
        362,
        0
      ],
      [
        0,
        0,
        0,
        0,
        0,
        389
      ]
    ],
    "confusion_matrix_percent": [
      [
        100.0,
        0.0,
        0.0,
        0.0,
        0.0,
        0.0
      ],
      [
        0.6472491909385114,
        99.35275080906149,
        0.0,
        0.0,
        0.0,
        0.0
      ],
      [
        0.3558718861209964,
        0.0,
        99.644128113879,
        0.0,
        0.0,
        0.0
      ],
      [
        0.0,
        0.0,
        0.0,
        97.47191011235955,
        2.528089887640449,
        0.0
      ],
      [
        0.0,
        0.26246719160104987,
        0.0,
        4.724409448818897,
        95.01312335958005,
        0.0
      ],
      [
        0.0,
        0.0,
        0.0,
        0.0,
        0.0,
        100.0
      ]
    ],
    "per_class_accuracy": [
      1.0,
      0.9935275080906149,
      0.99644128113879,
      0.9747191011235955,
      0.9501312335958005,
      1.0
    ]
  },
  "inference_latency": {
    "mean_ms": 0.06562181981280446,
    "std_ms": 0.0008301827809600305,
    "min_ms": 0.06432199734263122,
    "max_ms": 0.06840899004600942,
    "median_ms": 0.06555400614161044,
    "p95_ms": 0.06781153497286141,
    "p99_ms": 0.0681911941501312
  }
}