{
  "model_name": "MR-CNN + BiGRU (BiMamba-lite) for ISRUC",
  "timestamp": "20251013_140335",
  "best_params": {
    "lr": 0.00019784285076893693,
    "batch_size": 8,
    "epochs": 95,
    "weight_decay": 2.2790780354299242e-06,
    "dropout": 0.40984481537098816,
    "hidden_size": 17,
    "d_model": 16,
    "t_pooled": 192,
    "label_smoothing": 0.007391155221791325,
    "use_focal_loss": false,
    "focal_gamma": 4.205113941343911,
    "grad_clip_norm": 1.3326993475638984,
    "num_workers": 4,
    "quantization_bits": 16,
    "quantize_weights": true,
    "quantize_activations": true
  },
  "final_metrics": {
    "acc": 0.8153105224841799,
    "macro_f1": null
  },
  "training_metrics": {
    "train_losses": [
      1.0253196181869606,
      0.8155300112174532,
      0.7526415308726848,
      0.72307441690125,
      0.7007587721809291,
      0.6865439884388076,
      0.6738949490617863,
      0.6545669687870794,
      0.6500934631185261,
      0.6373171061976289,
      0.630198101958571,
      0.6185675882890502,
      0.6135582370360831,
      0.6092900623297166,
      0.6030380191390315,
      0.5974027604386236,
      0.5975804226962594,
      0.5912514444869592,
      0.5863053159578973,
      0.5867953151328855,
      0.5844865504546645,
      0.5785409171054695,
      0.5765542675434271,
      0.5780180326480735,
      0.5764720266573405,
      0.5711881114806918,
      0.5719859705027226,
      0.5709816986660379,
      0.5651897696950947,
      0.569916088449859,
      0.5638016371500422,
      0.5613684239548572,
      0.5604619635061071,
      0.5588068790512148,
      0.557294775142426,
      0.5563271749174007,
      0.5563112592432188,
      0.5516591780735222,
      0.5542403944783333,
      0.5531550980173378,
      0.5510385562473759,
      0.5490432183455453,
      0.5499613723519761,
      0.5482987504198203,
      0.5444997354846423,
      0.5464584182949178,
      0.545215126682734,
      0.544960248674239,
      0.5419989464664359,
      0.5430347181843593,
      0.5423450710141746,
      0.5396880204960479,
      0.5394330886274441,
      0.5400751674794884,
      0.5377930697920775,
      0.5365643067119169,
      0.5368864191321172,
      0.5336007902651013,
      0.5308302307013119,
      0.5339512365835298,
      0.534050813619286,
      0.5314263997078568,
      0.5324914863743188,
      0.5299258065476132,
      0.5303553659848329,
      0.5280212790806643,
      0.5271686157945115,
      0.5314254248448924,
      0.5294161449884426,
      0.5253539558360533,
      0.5279038591081544,
      0.5260509773953252,
      0.525488756037401,
      0.5247342542450162,
      0.5234329726011093,
      0.5271835130715979,
      0.5225969161406696,
      0.5223534620398611,
      0.5178210091243518,
      0.521342713439281,
      0.5187340308047276,
      0.5229512658362669,
      0.520269964044437,
      0.5184887418118564,
      0.516004148333232,
      0.5200328814365833,
      0.5184550594847479,
      0.5177833948350887,
      0.5183163165159479,
      0.5165180654178602,
      0.5179846264528861,
      0.5164760728075574,
      0.5136147250891733,
      0.515253466085554,
      0.5141158602508499
    ],
    "val_losses": [
      0.7320088128757322,
      0.6286863648888779,
      0.617201365727009,
      0.5929575955863762,
      0.575781877905576,
      0.583423608239243,
      0.6140163945775887,
      0.5726072433287642,
      0.5548914841493541,
      0.5583080082277291,
      0.5395619342396814,
      0.5399905011836416,
      0.5374641992252291,
      0.530775843842914,
      0.5223076607634154,
      0.5470822662367107,
      0.5556252477981078,
      0.5578463752465879,
      0.5207722133227156,
      0.5258914891323951,
      0.5428050331791818,
      0.5230548390680027,
      0.5366994408657891,
      0.5156335481049006,
      0.5410207195073231,
      0.5349828169319754,
      0.5180005567757388,
      0.5249129670312305,
      0.5585923197981144,
      0.5119152354739805,
      0.5502083542180795,
      0.5270753864017634,
      0.5112137195239638,
      0.5129714183354556,
      0.5245565314035924,
      0.5164149261532481,
      0.5242146057084419,
      0.5112407759108188,
      0.5073027042820678,
      0.5275695125285585,
      0.5154418117558295,
      0.5504095734405766,
      0.524519905393302,
      0.5110259671372329,
      0.5130100725267157,
      0.5217306444632844,
      0.530740767346856,
      0.511886339717061,
      0.5107012196082701,
      0.5356685912888816,
      0.5056337482913075,
      0.5139983705010107,
      0.5134519117806575,
      0.5018844572819814,
      0.502356346619218,
      0.5228497660248685,
      0.5099406895202853,
      0.5158460529425873,
      0.5338631661092172,
      0.5195585387033598,
      0.5146568147764432,
      0.5090378639390208,
      0.5257254027874537,
      0.5108367553425242,
      0.5300467096349657,
      0.5315361810698851,
      0.5163985469599197,
      0.5260057765488769,
      0.5077239878735604,
      0.5143920487292457,
      0.5188478330961666,
      0.5028994148389024,
      0.5056627862509671,
      0.5128403719070878,
      0.5070339370719822,
      0.5274974612597689,
      0.5147059294072052,
      0.5158962716115391,
      0.5310370685953993,
      0.51500660726039,
      0.5084786716603068,
      0.5134973639701919,
      0.5084377035591245,
      0.5236405521546125,
      0.5137186064100375,
      0.5118137512587817,
      0.5506548987266671,
      0.5122542929296705,
      0.5131786425289785,
      0.5194660573889015,
      0.5151243477766869,
      0.5263861535355794,
      0.5038109160325522,
      0.5035346713758445,
      0.5146781513103914
    ],