{
  "model_name": "best_model_TinyMLP-HAR-561-PTQ_20251003_210145",
  "model_path": "/home/shiyuanduan/Documents/Projects/GPTLAB/IMUFigureSets/trained_models/best_model_TinyMLP-HAR-561-PTQ_20251003_210145.pth",
  "is_quantized": true,
  "model_size": {
    "total_parameters": 0,
    "size_kb": 0.03515625
  },
  "accuracy": 0.9859223300970874,
  "confusion_matrix": {
    "confusion_matrix": [
      [
        344,
        0,
        0,
        0,
        0,
        0
      ],
      [
        1,
        308,
        0,
        0,
        0,
        0
      ],
      [
        0,
        0,
        281,
        0,
        0,
        0
      ],
      [
        0,
        0,
        0,
        346,
        10,
        0
      ],
      [
        0,
        0,
        0,
        18,
        363,
        0
      ],
      [
        0,
        0,
        0,
        0,
        0,
        389
      ]
    ],
    "confusion_matrix_percent": [
      [
        100.0,
        0.0,
        0.0,
        0.0,
        0.0,
        0.0
      ],
      [
        0.3236245954692557,
        99.67637540453075,
        0.0,
        0.0,
        0.0,
        0.0
      ],
      [
        0.0,
        0.0,
        100.0,
        0.0,
        0.0,
        0.0
      ],
      [
        0.0,
        0.0,
        0.0,
        97.19101123595506,
        2.8089887640449436,
        0.0
      ],
      [
        0.0,
        0.0,
        0.0,
        4.724409448818897,
        95.2755905511811,
        0.0
      ],
      [
        0.0,
        0.0,
        0.0,
        0.0,
        0.0,
        100.0
      ]
    ],
    "per_class_accuracy": [
      1.0,
      0.9967637540453075,
      1.0,
      0.9719101123595506,
      0.952755905511811,
      1.0
    ]
  },
  "inference_latency": {
    "mean_ms": 0.07324968042667024,
    "std_ms": 0.014385791933101674,
    "min_ms": 0.06698499782942235,
    "max_ms": 0.13938199845142663,
    "median_ms": 0.06780249532312155,
    "p95_ms": 0.10624034985085017,
    "p99_ms": 0.13846922360244207
  }
}