{
  "model_name": "best_model_RealMLP (Tabular, 3xHidden, Robust+Clip, DiagScale)_20251004_094630",
  "model_path": "/home/shiyuanduan/Documents/Projects/GPTLAB/IMUFigureSets/trained_models/best_model_RealMLP (Tabular, 3xHidden, Robust+Clip, DiagScale)_20251004_094630.pth",
  "is_quantized": false,
  "model_size": {
    "total_parameters": 106295,
    "size_kb": 11.00390625
  },
  "accuracy": 0.9689320388349515,
  "confusion_matrix": {
    "confusion_matrix": [
      [
        343,
        0,
        1,
        0,
        0,
        0
      ],
      [
        10,
        298,
        1,
        0,
        0,
        0
      ],
      [
        6,
        3,
        272,
        0,
        0,
        0
      ],
      [
        0,
        0,
        0,
        327,
        23,
        6
      ],
      [
        0,
        0,
        0,
        14,
        367,
        0
      ],
      [
        0,
        0,
        0,
        0,
        0,
        389
      ]
    ],
    "confusion_matrix_percent": [
      [
        99.70930232558139,
        0.0,
        0.29069767441860467,
        0.0,
        0.0,
        0.0
      ],
      [
        3.2362459546925564,
        96.44012944983818,
        0.3236245954692557,
        0.0,
        0.0,
        0.0
      ],
      [
        2.135231316725979,
        1.0676156583629894,
        96.79715302491103,
        0.0,
        0.0,
        0.0
      ],
      [
        0.0,
        0.0,
        0.0,
        91.85393258426966,
        6.460674157303371,
        1.6853932584269662
      ],
      [
        0.0,
        0.0,
        0.0,
        3.674540682414698,
        96.3254593175853,
        0.0
      ],
      [
        0.0,
        0.0,
        0.0,
        0.0,
        0.0,
        100.0
      ]
    ],
    "per_class_accuracy": [
      0.997093023255814,
      0.9644012944983819,
      0.9679715302491103,
      0.9185393258426966,
      0.963254593175853,
      1.0
    ]
  },
  "inference_latency": {
    "mean_ms": 0.10914575046626851,
    "std_ms": 0.009616371977420952,
    "min_ms": 0.10243800352327526,
    "max_ms": 0.14459897647611797,
    "median_ms": 0.10505749378353357,
    "p95_ms": 0.13288119953358546,
    "p99_ms": 0.14301202550996095
  }
}